,place_name,reviewer_name,reviewer_rating
0,Jakarta Restaurant & The Courtyard,Putra P,5
1,Jakarta Restaurant & The Courtyard,Fitri Andriyani,5
2,Jakarta Restaurant & The Courtyard,Evan Tan,4
3,Jakarta Restaurant & The Courtyard,Bernie Soebekti,5
4,Jakarta Restaurant & The Courtyard,rafa martinez,5
5,La Brasserie Restaurant,Robin K,5
6,La Brasserie Restaurant,Soo Hin Yeoh,5
7,La Brasserie Restaurant,Cindy Cindy,5
8,La Brasserie Restaurant,Biju Varghese,5
9,La Brasserie Restaurant,Leony Maranatha (Oh Eun Sun),5
10,Animale Restaurant,Sarah Mulyo,5
11,Animale Restaurant,Liz G,4
12,Animale Restaurant,lidya evangelista,5
13,Animale Restaurant,Sarah R.,4
14,Animale Restaurant,Ronderic,5
15,Harum Manis Restaurant,Lily Gorjan,4
16,Harum Manis Restaurant,Sandra Monica,4
17,Harum Manis Restaurant,Lyndon Burke,5
18,Harum Manis Restaurant,Anita Schneider,5
19,Harum Manis Restaurant,yunan bayu pratama,5
20,Signatures Restaurant,Fajar Fajar,3
21,Signatures Restaurant,Aryanto,5
22,Signatures Restaurant,Yan Putra,4
23,Signatures Restaurant,Nana Setiawan,4
24,Signatures Restaurant,Gary Lim,4
25,Sana Sini Restaurant,Frederique De Sousa,5
26,Sana Sini Restaurant,Budi Soetjipto,3
27,Sana Sini Restaurant,Lydia Zein,5
28,Sana Sini Restaurant,Alex A. ART,4
29,Sana Sini Restaurant,R A,5
30,HA-KA Resto,Richard Yahya,5
31,HA-KA Resto,seli ariani,5
32,HA-KA Resto,Tri Ana,5
33,HA-KA Resto,Ramil Valitov,5
34,HA-KA Resto,Amar Khosyian,5
35,Catappa Restaurant,Tedy Wijaya,5
36,Catappa Restaurant,ye row,2
37,Catappa Restaurant,LIN WIE,3
38,Catappa Restaurant,Nanang Setiawan,5
39,Catappa Restaurant,Valen Susanto,5
40,PA.SO.LA Restaurant,Alisa Levchenko-Plekhanova,3
41,PA.SO.LA Restaurant,Reddy Panggabean,5
42,PA.SO.LA Restaurant,Marcella Cindy,5
43,PA.SO.LA Restaurant,Michelle A,2
44,PA.SO.LA Restaurant,Rini Yulianti,5
45,Table8,Julia Christina,5
46,Table8,Vincent Ruslie,5
47,Table8,Joshua Gustaf Tangkulung,5
48,Table8,theodora regina,5
49,Table8,Titan 10,5
50,D'Sky Bistro - Jakarta,Ghozy Naim,5
51,D'Sky Bistro - Jakarta,Aleksander Hutabarat,4
52,D'Sky Bistro - Jakarta,Agung Satrio,4
53,D'Sky Bistro - Jakarta,bagus ariadi,5
54,D'Sky Bistro - Jakarta,BEN,5
55,Gran Via Cafe,Hans Jonathan,5
56,Gran Via Cafe,Jennifer Bratakencana,5
57,Gran Via Cafe,Linawati Sardjan,3
58,Gran Via Cafe,Max,5
59,Gran Via Cafe,Safeena Shivanand,5
60,Al Jazeerah Signature Restaurant & Lounge مطعم الجزيرة سقنتشر جاكرتا,dailux,3
61,Al Jazeerah Signature Restaurant & Lounge مطعم الجزيرة سقنتشر جاكرتا,nicholas aristia,4
62,Al Jazeerah Signature Restaurant & Lounge مطعم الجزيرة سقنتشر جاكرتا,Taufik WIDJAJA,5
63,Al Jazeerah Signature Restaurant & Lounge مطعم الجزيرة سقنتشر جاكرتا,Yulis Nawati,5
64,Al Jazeerah Signature Restaurant & Lounge مطعم الجزيرة سقنتشر جاكرتا,Matin Abrardo Barizza,5
65,Skye,lady nathalia,4
66,Skye,Adi Kurniawan,5
67,Skye,Raditya Pratama,5
68,Skye,FRANCISCA,5
69,Skye,Katy Wise,5
70,Palm Court,Andrian Taufik,5
71,Palm Court,Brian Hermawan,5
72,Palm Court,Putra P,5
73,Palm Court,M. Fuad Q. Alam,4
74,Palm Court,Puput Ertiandani,5
75,Gamalama Resto & Cafe Jakarta,Andre Tjoa,5
76,Gamalama Resto & Cafe Jakarta,Mardea Mumpuni,5
77,Gamalama Resto & Cafe Jakarta,byUrmo,4
78,Gamalama Resto & Cafe Jakarta,Agung Yuristianto,5
79,Gamalama Resto & Cafe Jakarta,E “Ben-Ari” Ariesandy,2
80,Henshin,Uhandanny Soebiantoro,4
81,Henshin,Sapi Lucu,4
82,Henshin,Sasda Sabrina,5
83,Henshin,Adhitya S Ramadianto,5
84,Henshin,Handoko Limaho,5
85,Twelve Chinese Dining,Silly Cow,4
86,Twelve Chinese Dining,Andre Alexander,5
87,Twelve Chinese Dining,Jessica Michelle Christian,3
88,Twelve Chinese Dining,Just Jennz,4
89,Twelve Chinese Dining,Rob Umbara,4
90,Lara Djonggrang,lisna nababan,4
91,Lara Djonggrang,Anjan Bhattacharya,4
92,Lara Djonggrang,RIKA HAKIM,5
93,Lara Djonggrang,Nayu A. Ramadhaningsih,4
94,Lara Djonggrang,Bagas Adi Nugroho,5
95,1928 Restaurant,Abby Marcel,5
96,1928 Restaurant,Handoko Limaho,5
97,1928 Restaurant,Amaranila Lalita,5
98,1928 Restaurant,Lana D,5
99,1928 Restaurant,Joel Chow,3
100,Kaum Jakarta,Jo Anne Pilapil,5
101,Kaum Jakarta,Adrian S,5
102,Kaum Jakarta,RIKA HAKIM,5
103,Kaum Jakarta,Nanda (Nseptember),5
104,Kaum Jakarta,Nida,4
105,AMUZ Gourmet Restaurant,Raymond Lim,5
106,AMUZ Gourmet Restaurant,Handoko Limaho,5
107,AMUZ Gourmet Restaurant,Das Tian,5
108,AMUZ Gourmet Restaurant,nicholas aristia,5
109,AMUZ Gourmet Restaurant,Max Auberger,5
110,Seasonal Tastes at The Westin Jakarta,Freddy Kua,5
111,Seasonal Tastes at The Westin Jakarta,Joanne Eugenia,5
112,Seasonal Tastes at The Westin Jakarta,Sam Root,5
113,Seasonal Tastes at The Westin Jakarta,Aldi Inak,5
114,Seasonal Tastes at The Westin Jakarta,Karin N. Nisa (karintil),4
115,The Cafe,Yulius Rizal,5
116,The Cafe,Indie Saragih,5
117,The Cafe,Keluarga Bontanghe,5
118,The Cafe,Joshua Gustaf Tangkulung,5
119,The Cafe,Marcella Cindy,5
120,BISTECCA,Yulius Rizal,5
121,BISTECCA,Gleb Livshitz,4
122,BISTECCA,Azriel David,3
123,BISTECCA,Puja Saputra,4
124,BISTECCA,Bull Dogg,4
125,Queens Head Jakarta,Nanda (Nseptember),4
126,Queens Head Jakarta,Kenny Kurniawan,5
127,Queens Head Jakarta,Alessia Mathewson,5
128,Queens Head Jakarta,Dindin Nurhayadin,5
129,Queens Head Jakarta,Annisa Nabila,4
130,Sailendra Restaurant,Andina Ayunani,5
131,Sailendra Restaurant,Te Ir,5
132,Sailendra Restaurant,florentina raines,5
133,Sailendra Restaurant,Eka Deny,5
134,Sailendra Restaurant,Kevin,5
135,View Steak Bar,rafa martinez,5
136,View Steak Bar,Handoko Limaho,4
137,View Steak Bar,Ivan K,5
138,View Steak Bar,Sara Febriany,5
139,View Steak Bar,Vicky Hermawan,5
140,SEIA Restaurant,Aris Limiarto,4
141,SEIA Restaurant,audrey gunawan,5
142,SEIA Restaurant,Virna AR,5
143,SEIA Restaurant,Stella Leeansyah,5
144,SEIA Restaurant,benny tjhin,5
145,Asuka Japanese Dining,Lee Lan Kam,4
146,Asuka Japanese Dining,J,3
147,Asuka Japanese Dining,David Chastain,5
148,Asuka Japanese Dining,WaiTuck CHONG,5
149,Asuka Japanese Dining,Gleb Livshitz,5
150,Tom’s by Tom Aikens,Bernardine Tan,4
151,Tom’s by Tom Aikens,J Chung,5
152,Tom’s by Tom Aikens,RYAN LIN,5
153,Tom’s by Tom Aikens,Martin Hong,5
154,Tom’s by Tom Aikens,Dio A.P,4
155,Smarapura,Emillia_ NF,4
156,Smarapura,Yulius Rizal,5
157,Smarapura,Artono Hadisanto,5
158,Smarapura,Christopher Sutandar,5
159,Smarapura,Baiq Nurul Srifathona,4
160,Sudestada,Hannah Glathar,5
161,Sudestada,Naomi R,5
162,Sudestada,Linna,5
163,Sudestada,Ronnie Wongkar,5
164,Sudestada,Sonny Ng,4
165,Grand Café,Arline Wijaya,5
166,Grand Café,Sanjeev Bhalla,5
167,Grand Café,Radja Sitanggang,5
168,Grand Café,Harso Forever,4
169,Grand Café,Ronald Ishak,1
170,Cikang Coffee & Resto,HDR HDR,1
171,Cikang Coffee & Resto,Dyah,5
172,Cikang Coffee & Resto,Dea A,1
173,Cikang Coffee & Resto,Vi I,4
174,Cikang Coffee & Resto,Martin Hong,4
175,Tugu Kunstkring Paleis,Monique Claassens-Bouckaert,5
176,Tugu Kunstkring Paleis,Suyono Kurniawan,5
177,Tugu Kunstkring Paleis,Nana S,5
178,Tugu Kunstkring Paleis,Kenny Kurniawan,4
179,Tugu Kunstkring Paleis,Isabelle Ji,5
180,Wolfgang's Steakhouse Jakarta,Rahadiyan Narendra,5
181,Wolfgang's Steakhouse Jakarta,Henry Gunawan,5
182,Wolfgang's Steakhouse Jakarta,Munchie Diary,5
183,Wolfgang's Steakhouse Jakarta,Gregory Joey,5
184,Wolfgang's Steakhouse Jakarta,Erik Firman,5
185,GIOI Menteng,Astri A,5
186,GIOI Menteng,Nanda (Nseptember),4
187,GIOI Menteng,Sherly Dewi,5
188,GIOI Menteng,Annisha Nurilla,5
189,GIOI Menteng,Aris Limiarto,4
190,Namaaz Dining,Ivan Aditya,4
191,Namaaz Dining,Yuwanda Kasikin,3
192,Namaaz Dining,Graciela Christina,5
193,Namaaz Dining,Bartoq R,5
194,Namaaz Dining,lisna nababan,4
195,Iga-Ku Restaurant,XY Fuwa,4
196,Iga-Ku Restaurant,Cindyas Rachmat,4
197,Iga-Ku Restaurant,T Novalia,4
198,Iga-Ku Restaurant,ika subekti,5
199,Iga-Ku Restaurant,Eldo Kredainou Alwi,5
200,Turkuaz,Sapiderman Lumpat,4
201,Turkuaz,FWPN,4
202,Turkuaz,Hadi Santoso,5
203,Turkuaz,Allinhere Y,5
204,Turkuaz,Arief Ramon,4
205,Loewy,Manish Shrivastava,5
206,Loewy,Puspa Cahyono,4
207,Loewy,Erniyati Fun,2
208,Loewy,Juliana Kwok,5
209,Loewy,Roland Trimmel,5
210,Three Buns Jakarta,Wisnu Bramantyo,5
211,Three Buns Jakarta,Pete Silva,3
212,Three Buns Jakarta,Stefano,5
213,Three Buns Jakarta,Hannah Glathar,5
214,Three Buns Jakarta,Diandra Valini,5
215,Kembang Goela Restaurant,F (Fer),5
216,Kembang Goela Restaurant,Camille,5
217,Kembang Goela Restaurant,Novita Frederika,3
218,Kembang Goela Restaurant,Norman C,2
219,Kembang Goela Restaurant,Rahmi,4
220,Oakroom Restaurant & Bar,STEVANIE,4
221,Oakroom Restaurant & Bar,One Will,5
222,Oakroom Restaurant & Bar,Firman Firdani,5
223,Oakroom Restaurant & Bar,Lewi Verdatama,5
224,Oakroom Restaurant & Bar,Aditya Halim,3
225,il Mare,C Sir,5
226,il Mare,davy Sukamta,5
227,il Mare,Andre Nath,2
228,il Mare,Ahda Arifa Ismail,5
229,il Mare,Rhicke Jennings,5
230,Paulaner Bräuhaus,Sukamdhani Kencana,5
231,Paulaner Bräuhaus,Jo Anne Pilapil,4
232,Paulaner Bräuhaus,Marbert Lie,4
233,Paulaner Bräuhaus,tobi d.,3
234,Paulaner Bräuhaus,Nanda (Nseptember),3
235,Pearl Chinese Restaurant,Donny S,4
236,Pearl Chinese Restaurant,D3knee,1
237,Pearl Chinese Restaurant,มานี่มาตรา มานั่น,5
238,Pearl Chinese Restaurant,Eiline Federica,5
239,Pearl Chinese Restaurant,regina setiawan,5
240,C’s Steak and Seafood,Fernando Sarael,4
241,C’s Steak and Seafood,v3r,5
242,C’s Steak and Seafood,Laurent Limare,5
243,C’s Steak and Seafood,Laily Lanisy,5
244,C’s Steak and Seafood,Arief Ramon,4
245,Benihana The Japanese Steakhouse,Freddy Samad,5
246,Benihana The Japanese Steakhouse,Erly Tunriallu,5
247,Benihana The Japanese Steakhouse,Kezya Gunawan Wijaya,5
248,Benihana The Japanese Steakhouse,tobi d.,5
249,Benihana The Japanese Steakhouse,Joanne Teo.,5
250,Jakarta Restaurant & The Courtyard,Putra P,5
251,Jakarta Restaurant & The Courtyard,Fitri Andriyani,5
252,Jakarta Restaurant & The Courtyard,Evan Tan,4
253,Jakarta Restaurant & The Courtyard,Bernie Soebekti,5
254,Jakarta Restaurant & The Courtyard,rafa martinez,5
255,La Brasserie Restaurant,Robin K,5
256,La Brasserie Restaurant,Soo Hin Yeoh,5
257,La Brasserie Restaurant,Cindy Cindy,5
258,La Brasserie Restaurant,Biju Varghese,5
259,La Brasserie Restaurant,Leony Maranatha (Oh Eun Sun),5
260,Animale Restaurant,Sarah Mulyo,5
261,Animale Restaurant,Liz G,4
262,Animale Restaurant,lidya evangelista,5
263,Animale Restaurant,Sarah R.,4
264,Animale Restaurant,Ronderic,5
265,Harum Manis Restaurant,Lily Gorjan,4
266,Harum Manis Restaurant,Sandra Monica,4
267,Harum Manis Restaurant,Lyndon Burke,5
268,Harum Manis Restaurant,Anita Schneider,5
269,Harum Manis Restaurant,yunan bayu pratama,5
270,Signatures Restaurant,Fajar Fajar,3
271,Signatures Restaurant,Aryanto,5
272,Signatures Restaurant,Yan Putra,4
273,Signatures Restaurant,Nana Setiawan,4
274,Signatures Restaurant,Gary Lim,4
275,Sana Sini Restaurant,Frederique De Sousa,5
276,Sana Sini Restaurant,Budi Soetjipto,3
277,Sana Sini Restaurant,Lydia Zein,5
278,Sana Sini Restaurant,Alex A. ART,4
279,Sana Sini Restaurant,R A,5
280,HA-KA Resto,Richard Yahya,5
281,HA-KA Resto,seli ariani,5
282,HA-KA Resto,Tri Ana,5
283,HA-KA Resto,Ramil Valitov,5
284,HA-KA Resto,Amar Khosyian,5
285,Catappa Restaurant,Tedy Wijaya,5
286,Catappa Restaurant,ye row,2
287,Catappa Restaurant,LIN WIE,3
288,Catappa Restaurant,Nanang Setiawan,5
289,Catappa Restaurant,Valen Susanto,5
290,PA.SO.LA Restaurant,Alisa Levchenko-Plekhanova,3
291,PA.SO.LA Restaurant,Reddy Panggabean,5
292,PA.SO.LA Restaurant,Marcella Cindy,5
293,PA.SO.LA Restaurant,Michelle A,2
294,PA.SO.LA Restaurant,Rini Yulianti,5
295,Table8,Julia Christina,5
296,Table8,Vincent Ruslie,5
297,Table8,Joshua Gustaf Tangkulung,5
298,Table8,theodora regina,5
299,Table8,Titan 10,5
300,D'Sky Bistro - Jakarta,Ghozy Naim,5
301,D'Sky Bistro - Jakarta,Aleksander Hutabarat,4
302,D'Sky Bistro - Jakarta,Agung Satrio,4
303,D'Sky Bistro - Jakarta,bagus ariadi,5
304,D'Sky Bistro - Jakarta,BEN,5
305,Gran Via Cafe,Hans Jonathan,5
306,Gran Via Cafe,Jennifer Bratakencana,5
307,Gran Via Cafe,Linawati Sardjan,3
308,Gran Via Cafe,Max,5
309,Gran Via Cafe,Safeena Shivanand,5
310,Al Jazeerah Signature Restaurant & Lounge مطعم الجزيرة سقنتشر جاكرتا,dailux,3
311,Al Jazeerah Signature Restaurant & Lounge مطعم الجزيرة سقنتشر جاكرتا,nicholas aristia,4
312,Al Jazeerah Signature Restaurant & Lounge مطعم الجزيرة سقنتشر جاكرتا,Taufik WIDJAJA,5
313,Al Jazeerah Signature Restaurant & Lounge مطعم الجزيرة سقنتشر جاكرتا,Yulis Nawati,5
314,Al Jazeerah Signature Restaurant & Lounge مطعم الجزيرة سقنتشر جاكرتا,Matin Abrardo Barizza,5
315,Skye,lady nathalia,4
316,Skye,Adi Kurniawan,5
317,Skye,Raditya Pratama,5
318,Skye,FRANCISCA,5
319,Skye,Katy Wise,5
320,Palm Court,Andrian Taufik,5
321,Palm Court,Brian Hermawan,5
322,Palm Court,Putra P,5
323,Palm Court,M. Fuad Q. Alam,4
324,Palm Court,Puput Ertiandani,5
325,Gamalama Resto & Cafe Jakarta,Andre Tjoa,5
326,Gamalama Resto & Cafe Jakarta,Mardea Mumpuni,5
327,Gamalama Resto & Cafe Jakarta,byUrmo,4
328,Gamalama Resto & Cafe Jakarta,Agung Yuristianto,5
329,Gamalama Resto & Cafe Jakarta,E “Ben-Ari” Ariesandy,2
330,Henshin,Uhandanny Soebiantoro,4
331,Henshin,Sapi Lucu,4
332,Henshin,Sasda Sabrina,5
333,Henshin,Adhitya S Ramadianto,5
334,Henshin,Handoko Limaho,5
335,Twelve Chinese Dining,Silly Cow,4
336,Twelve Chinese Dining,Andre Alexander,5
337,Twelve Chinese Dining,Jessica Michelle Christian,3
338,Twelve Chinese Dining,Just Jennz,4
339,Twelve Chinese Dining,Rob Umbara,4
340,Lara Djonggrang,lisna nababan,4
341,Lara Djonggrang,Anjan Bhattacharya,4
342,Lara Djonggrang,RIKA HAKIM,5
343,Lara Djonggrang,Nayu A. Ramadhaningsih,4
344,Lara Djonggrang,Bagas Adi Nugroho,5
345,1928 Restaurant,Abby Marcel,5
346,1928 Restaurant,Handoko Limaho,5
347,1928 Restaurant,Amaranila Lalita,5
348,1928 Restaurant,Lana D,5
349,1928 Restaurant,Joel Chow,3
350,Kaum Jakarta,Jo Anne Pilapil,5
351,Kaum Jakarta,Adrian S,5
352,Kaum Jakarta,RIKA HAKIM,5
353,Kaum Jakarta,Nanda (Nseptember),5
354,Kaum Jakarta,Nida,4
355,AMUZ Gourmet Restaurant,Raymond Lim,5
356,AMUZ Gourmet Restaurant,Handoko Limaho,5
357,AMUZ Gourmet Restaurant,Das Tian,5
358,AMUZ Gourmet Restaurant,nicholas aristia,5
359,AMUZ Gourmet Restaurant,Max Auberger,5
360,Seasonal Tastes at The Westin Jakarta,Freddy Kua,5
361,Seasonal Tastes at The Westin Jakarta,Joanne Eugenia,5
362,Seasonal Tastes at The Westin Jakarta,Sam Root,5
363,Seasonal Tastes at The Westin Jakarta,Aldi Inak,5
364,Seasonal Tastes at The Westin Jakarta,Karin N. Nisa (karintil),4
365,The Cafe,Yulius Rizal,5
366,The Cafe,Indie Saragih,5
367,The Cafe,Keluarga Bontanghe,5
368,The Cafe,Joshua Gustaf Tangkulung,5
369,The Cafe,Marcella Cindy,5
370,BISTECCA,Yulius Rizal,5
371,BISTECCA,Gleb Livshitz,4
372,BISTECCA,Azriel David,3
373,BISTECCA,Puja Saputra,4
374,BISTECCA,Bull Dogg,4
375,Queens Head Jakarta,Nanda (Nseptember),4
376,Queens Head Jakarta,Kenny Kurniawan,5
377,Queens Head Jakarta,Alessia Mathewson,5
378,Queens Head Jakarta,Dindin Nurhayadin,5
379,Queens Head Jakarta,Annisa Nabila,4
380,Sailendra Restaurant,Andina Ayunani,5
381,Sailendra Restaurant,Te Ir,5
382,Sailendra Restaurant,florentina raines,5
383,Sailendra Restaurant,Eka Deny,5
384,Sailendra Restaurant,Kevin,5
385,View Steak Bar,rafa martinez,5
386,View Steak Bar,Handoko Limaho,4
387,View Steak Bar,Ivan K,5
388,View Steak Bar,Sara Febriany,5
389,View Steak Bar,Vicky Hermawan,5
390,SEIA Restaurant,Aris Limiarto,4
391,SEIA Restaurant,audrey gunawan,5
392,SEIA Restaurant,Virna AR,5
393,SEIA Restaurant,Stella Leeansyah,5
394,SEIA Restaurant,benny tjhin,5
395,Asuka Japanese Dining,Lee Lan Kam,4
396,Asuka Japanese Dining,J,3
397,Asuka Japanese Dining,David Chastain,5
398,Asuka Japanese Dining,WaiTuck CHONG,5
399,Asuka Japanese Dining,Gleb Livshitz,5
400,Tom’s by Tom Aikens,Bernardine Tan,4
401,Tom’s by Tom Aikens,J Chung,5
402,Tom’s by Tom Aikens,RYAN LIN,5
403,Tom’s by Tom Aikens,Martin Hong,5
404,Tom’s by Tom Aikens,Dio A.P,4
405,Smarapura,Emillia_ NF,4
406,Smarapura,Yulius Rizal,5
407,Smarapura,Artono Hadisanto,5
408,Smarapura,Christopher Sutandar,5
409,Smarapura,Baiq Nurul Srifathona,4
410,Sudestada,Hannah Glathar,5
411,Sudestada,Naomi R,5
412,Sudestada,Linna,5
413,Sudestada,Ronnie Wongkar,5
414,Sudestada,Sonny Ng,4
415,Grand Café,Arline Wijaya,5
416,Grand Café,Sanjeev Bhalla,5
417,Grand Café,Radja Sitanggang,5
418,Grand Café,Harso Forever,4
419,Grand Café,Ronald Ishak,1
420,Cikang Coffee & Resto,HDR HDR,1
421,Cikang Coffee & Resto,Dyah,5
422,Cikang Coffee & Resto,Dea A,1
423,Cikang Coffee & Resto,Vi I,4
424,Cikang Coffee & Resto,Martin Hong,4
425,Wolfgang's Steakhouse Jakarta,Rahadiyan Narendra,5
426,Wolfgang's Steakhouse Jakarta,Henry Gunawan,5
427,Wolfgang's Steakhouse Jakarta,Munchie Diary,5
428,Wolfgang's Steakhouse Jakarta,Gregory Joey,5
429,Wolfgang's Steakhouse Jakarta,Erik Firman,5
430,GIOI Menteng,Astri A,5
431,GIOI Menteng,Nanda (Nseptember),4
432,GIOI Menteng,Sherly Dewi,5
433,GIOI Menteng,Annisha Nurilla,5
434,GIOI Menteng,Aris Limiarto,4
435,Namaaz Dining,Ivan Aditya,4
436,Namaaz Dining,Yuwanda Kasikin,3
437,Namaaz Dining,Graciela Christina,5
438,Namaaz Dining,Bartoq R,5
439,Namaaz Dining,lisna nababan,4
440,Iga-Ku Restaurant,XY Fuwa,4
441,Iga-Ku Restaurant,Cindyas Rachmat,4
442,Iga-Ku Restaurant,T Novalia,4
443,Iga-Ku Restaurant,ika subekti,5
444,Iga-Ku Restaurant,Eldo Kredainou Alwi,5
445,Turkuaz,Sapiderman Lumpat,4
446,Turkuaz,FWPN,4
447,Turkuaz,Hadi Santoso,5
448,Turkuaz,Allinhere Y,5
449,Turkuaz,Arief Ramon,4
450,Loewy,Manish Shrivastava,5
451,Loewy,Puspa Cahyono,4
452,Loewy,Erniyati Fun,2
453,Loewy,Juliana Kwok,5
454,Loewy,Roland Trimmel,5
455,Three Buns Jakarta,Wisnu Bramantyo,5
456,Three Buns Jakarta,Pete Silva,3
457,Three Buns Jakarta,Stefano,5
458,Three Buns Jakarta,Hannah Glathar,5
459,Three Buns Jakarta,Diandra Valini,5
460,Kembang Goela Restaurant,F (Fer),5
461,Kembang Goela Restaurant,Camille,5
462,Kembang Goela Restaurant,Novita Frederika,3
463,Kembang Goela Restaurant,Norman C,2
464,Kembang Goela Restaurant,Rahmi,4
465,Oakroom Restaurant & Bar,STEVANIE,4
466,Oakroom Restaurant & Bar,One Will,5
467,Oakroom Restaurant & Bar,Firman Firdani,5
468,Oakroom Restaurant & Bar,Lewi Verdatama,5
469,Oakroom Restaurant & Bar,Aditya Halim,3
470,OKU,Anonymous Person,3
471,OKU,Belinda xie,5
472,OKU,Wilsen Tjhung,4
473,OKU,Randy,5
474,OKU,Mas Bei,5
475,il Mare,C Sir,5
476,il Mare,davy Sukamta,5
477,il Mare,Andre Nath,2
478,il Mare,Ahda Arifa Ismail,5
479,il Mare,Rhicke Jennings,5
480,Paulaner Bräuhaus,Sukamdhani Kencana,5
481,Paulaner Bräuhaus,Jo Anne Pilapil,4
482,Paulaner Bräuhaus,Marbert Lie,4
483,Paulaner Bräuhaus,tobi d.,3
484,Paulaner Bräuhaus,Nanda (Nseptember),3
485,Pearl Chinese Restaurant,Donny S,4
486,Pearl Chinese Restaurant,D3knee,1
487,Pearl Chinese Restaurant,มานี่มาตรา มานั่น,5
488,Pearl Chinese Restaurant,Eiline Federica,5
489,Pearl Chinese Restaurant,regina setiawan,5
490,C’s Steak and Seafood,Fernando Sarael,4
491,C’s Steak and Seafood,v3r,5
492,C’s Steak and Seafood,Laurent Limare,5
493,C’s Steak and Seafood,Laily Lanisy,5
494,C’s Steak and Seafood,Arief Ramon,4
495,Benihana The Japanese Steakhouse,Freddy Samad,5
496,Benihana The Japanese Steakhouse,Erly Tunriallu,5
497,Benihana The Japanese Steakhouse,Kezya Gunawan Wijaya,5
498,Benihana The Japanese Steakhouse,tobi d.,5
499,Benihana The Japanese Steakhouse,Joanne Teo.,5
500,Jakarta Restaurant & The Courtyard,Putra P,5
501,Jakarta Restaurant & The Courtyard,Fitri Andriyani,5
502,Jakarta Restaurant & The Courtyard,Evan Tan,4
503,Jakarta Restaurant & The Courtyard,Bernie Soebekti,5
504,Jakarta Restaurant & The Courtyard,rafa martinez,5
505,La Brasserie Restaurant,Robin K,5
506,La Brasserie Restaurant,Soo Hin Yeoh,5
507,La Brasserie Restaurant,Cindy Cindy,5
508,La Brasserie Restaurant,Biju Varghese,5
509,La Brasserie Restaurant,Leony Maranatha (Oh Eun Sun),5
510,Animale Restaurant,Sarah Mulyo,5
511,Animale Restaurant,Liz G,4
512,Animale Restaurant,lidya evangelista,5
513,Animale Restaurant,Sarah R.,4
514,Animale Restaurant,Ronderic,5
515,Harum Manis Restaurant,Lily Gorjan,4
516,Harum Manis Restaurant,Sandra Monica,4
517,Harum Manis Restaurant,Lyndon Burke,5
518,Harum Manis Restaurant,Anita Schneider,5
519,Harum Manis Restaurant,yunan bayu pratama,5
520,Signatures Restaurant,Fajar Fajar,3
521,Signatures Restaurant,Aryanto,5
522,Signatures Restaurant,Yan Putra,4
523,Signatures Restaurant,Nana Setiawan,4
524,Signatures Restaurant,Gary Lim,4
525,Sana Sini Restaurant,Frederique De Sousa,5
526,Sana Sini Restaurant,Budi Soetjipto,3
527,Sana Sini Restaurant,Lydia Zein,5
528,Sana Sini Restaurant,Alex A. ART,4
529,Sana Sini Restaurant,R A,5
530,HA-KA Resto,Richard Yahya,5
531,HA-KA Resto,seli ariani,5
532,HA-KA Resto,Tri Ana,5
533,HA-KA Resto,Ramil Valitov,5
534,HA-KA Resto,Amar Khosyian,5
535,Catappa Restaurant,Tedy Wijaya,5
536,Catappa Restaurant,ye row,2
537,Catappa Restaurant,LIN WIE,3
538,Catappa Restaurant,Nanang Setiawan,5
539,Catappa Restaurant,Valen Susanto,5
540,PA.SO.LA Restaurant,Alisa Levchenko-Plekhanova,3
541,PA.SO.LA Restaurant,Reddy Panggabean,5
542,PA.SO.LA Restaurant,Marcella Cindy,5
543,PA.SO.LA Restaurant,Michelle A,2
544,PA.SO.LA Restaurant,Rini Yulianti,5
545,Table8,Julia Christina,5
546,Table8,Vincent Ruslie,5
547,Table8,Joshua Gustaf Tangkulung,5
548,Table8,theodora regina,5
549,Table8,Titan 10,5
550,D'Sky Bistro - Jakarta,Ghozy Naim,5
551,D'Sky Bistro - Jakarta,Aleksander Hutabarat,4
552,D'Sky Bistro - Jakarta,Agung Satrio,4
553,D'Sky Bistro - Jakarta,bagus ariadi,5
554,D'Sky Bistro - Jakarta,BEN,5
555,Gran Via Cafe,Hans Jonathan,5
556,Gran Via Cafe,Jennifer Bratakencana,5
557,Gran Via Cafe,Linawati Sardjan,3
558,Gran Via Cafe,Max,5
559,Gran Via Cafe,Safeena Shivanand,5
560,Al Jazeerah Signature Restaurant & Lounge مطعم الجزيرة سقنتشر جاكرتا,dailux,3
561,Al Jazeerah Signature Restaurant & Lounge مطعم الجزيرة سقنتشر جاكرتا,nicholas aristia,4
562,Al Jazeerah Signature Restaurant & Lounge مطعم الجزيرة سقنتشر جاكرتا,Taufik WIDJAJA,5
563,Al Jazeerah Signature Restaurant & Lounge مطعم الجزيرة سقنتشر جاكرتا,Yulis Nawati,5
564,Al Jazeerah Signature Restaurant & Lounge مطعم الجزيرة سقنتشر جاكرتا,Matin Abrardo Barizza,5
565,Skye,lady nathalia,4
566,Skye,Adi Kurniawan,5
567,Skye,Raditya Pratama,5
568,Skye,FRANCISCA,5
569,Skye,Katy Wise,5
570,Palm Court,Andrian Taufik,5
571,Palm Court,Brian Hermawan,5
572,Palm Court,Putra P,5
573,Palm Court,M. Fuad Q. Alam,4
574,Palm Court,Puput Ertiandani,5
575,Gamalama Resto & Cafe Jakarta,Andre Tjoa,5
576,Gamalama Resto & Cafe Jakarta,Mardea Mumpuni,5
577,Gamalama Resto & Cafe Jakarta,byUrmo,4
578,Gamalama Resto & Cafe Jakarta,Agung Yuristianto,5
579,Gamalama Resto & Cafe Jakarta,E “Ben-Ari” Ariesandy,2
580,Henshin,Uhandanny Soebiantoro,4
581,Henshin,Sapi Lucu,4
582,Henshin,Sasda Sabrina,5
583,Henshin,Adhitya S Ramadianto,5
584,Henshin,Handoko Limaho,5
585,Twelve Chinese Dining,Silly Cow,4
586,Twelve Chinese Dining,Andre Alexander,5
587,Twelve Chinese Dining,Jessica Michelle Christian,3
588,Twelve Chinese Dining,Just Jennz,4
589,Twelve Chinese Dining,Rob Umbara,4
590,Lara Djonggrang,lisna nababan,4
591,Lara Djonggrang,Anjan Bhattacharya,4
592,Lara Djonggrang,RIKA HAKIM,5
593,Lara Djonggrang,Nayu A. Ramadhaningsih,4
594,Lara Djonggrang,Bagas Adi Nugroho,5
595,1928 Restaurant,Abby Marcel,5
596,1928 Restaurant,Handoko Limaho,5
597,1928 Restaurant,Amaranila Lalita,5
598,1928 Restaurant,Lana D,5
599,1928 Restaurant,Joel Chow,3
600,Kaum Jakarta,Jo Anne Pilapil,5
601,Kaum Jakarta,Adrian S,5
602,Kaum Jakarta,RIKA HAKIM,5
603,Kaum Jakarta,Nanda (Nseptember),5
604,Kaum Jakarta,Nida,4
605,AMUZ Gourmet Restaurant,Raymond Lim,5
606,AMUZ Gourmet Restaurant,Handoko Limaho,5
607,AMUZ Gourmet Restaurant,Das Tian,5
608,AMUZ Gourmet Restaurant,nicholas aristia,5
609,AMUZ Gourmet Restaurant,Max Auberger,5
610,Seasonal Tastes at The Westin Jakarta,Freddy Kua,5
611,Seasonal Tastes at The Westin Jakarta,Joanne Eugenia,5
612,Seasonal Tastes at The Westin Jakarta,Sam Root,5
613,Seasonal Tastes at The Westin Jakarta,Aldi Inak,5
614,Seasonal Tastes at The Westin Jakarta,Karin N. Nisa (karintil),4
615,The Cafe,Yulius Rizal,5
616,The Cafe,Indie Saragih,5
617,The Cafe,Keluarga Bontanghe,5
618,The Cafe,Joshua Gustaf Tangkulung,5
619,The Cafe,Marcella Cindy,5
620,BISTECCA,Yulius Rizal,5
621,BISTECCA,Gleb Livshitz,4
622,BISTECCA,Azriel David,3
623,BISTECCA,Puja Saputra,4
624,BISTECCA,Bull Dogg,4
625,Queens Head Jakarta,Nanda (Nseptember),4
626,Queens Head Jakarta,Kenny Kurniawan,5
627,Queens Head Jakarta,Alessia Mathewson,5
628,Queens Head Jakarta,Dindin Nurhayadin,5
629,Queens Head Jakarta,Annisa Nabila,4
630,Sailendra Restaurant,Andina Ayunani,5
631,Sailendra Restaurant,Te Ir,5
632,Sailendra Restaurant,florentina raines,5
633,Sailendra Restaurant,Eka Deny,5
634,Sailendra Restaurant,Kevin,5
635,View Steak Bar,rafa martinez,5
636,View Steak Bar,Handoko Limaho,4
637,View Steak Bar,Ivan K,5
638,View Steak Bar,Sara Febriany,5
639,View Steak Bar,Vicky Hermawan,5
640,SEIA Restaurant,Aris Limiarto,4
641,SEIA Restaurant,audrey gunawan,5
642,SEIA Restaurant,Virna AR,5
643,SEIA Restaurant,Stella Leeansyah,5
644,SEIA Restaurant,benny tjhin,5
645,Asuka Japanese Dining,Lee Lan Kam,4
646,Asuka Japanese Dining,J,3
647,Asuka Japanese Dining,David Chastain,5
648,Asuka Japanese Dining,WaiTuck CHONG,5
649,Asuka Japanese Dining,Gleb Livshitz,5
650,Tom’s by Tom Aikens,Bernardine Tan,4
651,Tom’s by Tom Aikens,J Chung,5
652,Tom’s by Tom Aikens,RYAN LIN,5
653,Tom’s by Tom Aikens,Martin Hong,5
654,Tom’s by Tom Aikens,Dio A.P,4
655,Smarapura,Emillia_ NF,4
656,Smarapura,Yulius Rizal,5
657,Smarapura,Artono Hadisanto,5
658,Smarapura,Christopher Sutandar,5
659,Smarapura,Baiq Nurul Srifathona,4
660,Sudestada,Hannah Glathar,5
661,Sudestada,Naomi R,5
662,Sudestada,Linna,5
663,Sudestada,Ronnie Wongkar,5
664,Sudestada,Sonny Ng,4
665,Grand Café,Arline Wijaya,5
666,Grand Café,Sanjeev Bhalla,5
667,Grand Café,Radja Sitanggang,5
668,Grand Café,Harso Forever,4
669,Grand Café,Ronald Ishak,1
670,Cikang Coffee & Resto,HDR HDR,1
671,Cikang Coffee & Resto,Dyah,5
672,Cikang Coffee & Resto,Dea A,1
673,Cikang Coffee & Resto,Vi I,4
674,Cikang Coffee & Resto,Martin Hong,4
675,Wolfgang's Steakhouse Jakarta,Rahadiyan Narendra,5
676,Wolfgang's Steakhouse Jakarta,Henry Gunawan,5
677,Wolfgang's Steakhouse Jakarta,Munchie Diary,5
678,Wolfgang's Steakhouse Jakarta,Gregory Joey,5
679,Wolfgang's Steakhouse Jakarta,Erik Firman,5
680,GIOI Menteng,Astri A,5
681,GIOI Menteng,Nanda (Nseptember),4
682,GIOI Menteng,Sherly Dewi,5
683,GIOI Menteng,Annisha Nurilla,5
684,GIOI Menteng,Aris Limiarto,4
685,Namaaz Dining,Ivan Aditya,4
686,Namaaz Dining,Yuwanda Kasikin,3
687,Namaaz Dining,Graciela Christina,5
688,Namaaz Dining,Bartoq R,5
689,Namaaz Dining,lisna nababan,4
690,Iga-Ku Restaurant,XY Fuwa,4
691,Iga-Ku Restaurant,Cindyas Rachmat,4
692,Iga-Ku Restaurant,T Novalia,4
693,Iga-Ku Restaurant,ika subekti,5
694,Iga-Ku Restaurant,Eldo Kredainou Alwi,5
695,Turkuaz,Sapiderman Lumpat,4
696,Turkuaz,FWPN,4
697,Turkuaz,Hadi Santoso,5
698,Turkuaz,Allinhere Y,5
699,Turkuaz,Arief Ramon,4
700,Loewy,Manish Shrivastava,5
701,Loewy,Puspa Cahyono,4
702,Loewy,Erniyati Fun,2
703,Loewy,Juliana Kwok,5
704,Loewy,Roland Trimmel,5
705,Three Buns Jakarta,Wisnu Bramantyo,5
706,Three Buns Jakarta,Pete Silva,3
707,Three Buns Jakarta,Stefano,5
708,Three Buns Jakarta,Hannah Glathar,5
709,Three Buns Jakarta,Diandra Valini,5
710,Kembang Goela Restaurant,F (Fer),5
711,Kembang Goela Restaurant,Camille,5
712,Kembang Goela Restaurant,Novita Frederika,3
713,Kembang Goela Restaurant,Norman C,2
714,Kembang Goela Restaurant,Rahmi,4
715,Oakroom Restaurant & Bar,STEVANIE,4
716,Oakroom Restaurant & Bar,One Will,5
717,Oakroom Restaurant & Bar,Firman Firdani,5
718,Oakroom Restaurant & Bar,Lewi Verdatama,5
719,Oakroom Restaurant & Bar,Aditya Halim,3
720,OKU,Anonymous Person,3
721,OKU,Belinda xie,5
722,OKU,Wilsen Tjhung,4
723,OKU,Randy,5
724,OKU,Mas Bei,5
725,il Mare,C Sir,5
726,il Mare,davy Sukamta,5
727,il Mare,Andre Nath,2
728,il Mare,Ahda Arifa Ismail,5
729,il Mare,Rhicke Jennings,5
730,Paulaner Bräuhaus,Sukamdhani Kencana,5
731,Paulaner Bräuhaus,Jo Anne Pilapil,4
732,Paulaner Bräuhaus,Marbert Lie,4
733,Paulaner Bräuhaus,tobi d.,3
734,Paulaner Bräuhaus,Nanda (Nseptember),3
735,Pearl Chinese Restaurant,Donny S,4
736,Pearl Chinese Restaurant,D3knee,1
737,Pearl Chinese Restaurant,มานี่มาตรา มานั่น,5
738,Pearl Chinese Restaurant,Eiline Federica,5
739,Pearl Chinese Restaurant,regina setiawan,5
740,C’s Steak and Seafood,Fernando Sarael,4
741,C’s Steak and Seafood,v3r,5
742,C’s Steak and Seafood,Laurent Limare,5
743,C’s Steak and Seafood,Laily Lanisy,5
744,C’s Steak and Seafood,Arief Ramon,4
745,Benihana The Japanese Steakhouse,Freddy Samad,5
746,Benihana The Japanese Steakhouse,Erly Tunriallu,5
747,Benihana The Japanese Steakhouse,Kezya Gunawan Wijaya,5
748,Benihana The Japanese Steakhouse,tobi d.,5
749,Benihana The Japanese Steakhouse,Joanne Teo.,5
750,Jakarta Restaurant & The Courtyard,Putra P,5
751,Jakarta Restaurant & The Courtyard,Fitri Andriyani,5
752,Jakarta Restaurant & The Courtyard,Evan Tan,4
753,Jakarta Restaurant & The Courtyard,Bernie Soebekti,5
754,Jakarta Restaurant & The Courtyard,rafa martinez,5
755,La Brasserie Restaurant,Robin K,5
756,La Brasserie Restaurant,Soo Hin Yeoh,5
757,La Brasserie Restaurant,Cindy Cindy,5
758,La Brasserie Restaurant,Biju Varghese,5
759,La Brasserie Restaurant,Leony Maranatha (Oh Eun Sun),5
760,Animale Restaurant,Sarah Mulyo,5
761,Animale Restaurant,Liz G,4
762,Animale Restaurant,lidya evangelista,5
763,Animale Restaurant,Sarah R.,4
764,Animale Restaurant,Ronderic,5
765,Harum Manis Restaurant,Lily Gorjan,4
766,Harum Manis Restaurant,Sandra Monica,4
767,Harum Manis Restaurant,Lyndon Burke,5
768,Harum Manis Restaurant,Anita Schneider,5
769,Harum Manis Restaurant,yunan bayu pratama,5
770,Signatures Restaurant,Fajar Fajar,3
771,Signatures Restaurant,Aryanto,5
772,Signatures Restaurant,Yan Putra,4
773,Signatures Restaurant,Nana Setiawan,4
774,Signatures Restaurant,Gary Lim,4
775,Sana Sini Restaurant,Frederique De Sousa,5
776,Sana Sini Restaurant,Budi Soetjipto,3
777,Sana Sini Restaurant,Lydia Zein,5
778,Sana Sini Restaurant,Alex A. ART,4
779,Sana Sini Restaurant,R A,5
780,HA-KA Resto,Richard Yahya,5
781,HA-KA Resto,seli ariani,5
782,HA-KA Resto,Tri Ana,5
783,HA-KA Resto,Ramil Valitov,5
784,HA-KA Resto,Amar Khosyian,5
785,Catappa Restaurant,Tedy Wijaya,5
786,Catappa Restaurant,ye row,2
787,Catappa Restaurant,LIN WIE,3
788,Catappa Restaurant,Nanang Setiawan,5
789,Catappa Restaurant,Valen Susanto,5
790,PA.SO.LA Restaurant,Alisa Levchenko-Plekhanova,3
791,PA.SO.LA Restaurant,Reddy Panggabean,5
792,PA.SO.LA Restaurant,Marcella Cindy,5
793,PA.SO.LA Restaurant,Michelle A,2
794,PA.SO.LA Restaurant,Rini Yulianti,5
795,Table8,Julia Christina,5
796,Table8,Vincent Ruslie,5
797,Table8,Joshua Gustaf Tangkulung,5
798,Table8,theodora regina,5
799,Table8,Titan 10,5
800,D'Sky Bistro - Jakarta,Ghozy Naim,5
801,D'Sky Bistro - Jakarta,Aleksander Hutabarat,4
802,D'Sky Bistro - Jakarta,Agung Satrio,4
803,D'Sky Bistro - Jakarta,bagus ariadi,5
804,D'Sky Bistro - Jakarta,BEN,5
805,Gran Via Cafe,Hans Jonathan,5
806,Gran Via Cafe,Jennifer Bratakencana,5
807,Gran Via Cafe,Linawati Sardjan,3
808,Gran Via Cafe,Max,5
809,Gran Via Cafe,Safeena Shivanand,5
810,Al Jazeerah Signature Restaurant & Lounge مطعم الجزيرة سقنتشر جاكرتا,dailux,3
811,Al Jazeerah Signature Restaurant & Lounge مطعم الجزيرة سقنتشر جاكرتا,nicholas aristia,4
812,Al Jazeerah Signature Restaurant & Lounge مطعم الجزيرة سقنتشر جاكرتا,Taufik WIDJAJA,5
813,Al Jazeerah Signature Restaurant & Lounge مطعم الجزيرة سقنتشر جاكرتا,Yulis Nawati,5
814,Al Jazeerah Signature Restaurant & Lounge مطعم الجزيرة سقنتشر جاكرتا,Matin Abrardo Barizza,5
815,Skye,lady nathalia,4
816,Skye,Adi Kurniawan,5
817,Skye,Raditya Pratama,5
818,Skye,FRANCISCA,5
819,Skye,Katy Wise,5
820,Palm Court,Andrian Taufik,5
821,Palm Court,Brian Hermawan,5
822,Palm Court,Putra P,5
823,Palm Court,M. Fuad Q. Alam,4
824,Palm Court,Puput Ertiandani,5
825,Gamalama Resto & Cafe Jakarta,Andre Tjoa,5
826,Gamalama Resto & Cafe Jakarta,Mardea Mumpuni,5
827,Gamalama Resto & Cafe Jakarta,byUrmo,4
828,Gamalama Resto & Cafe Jakarta,Agung Yuristianto,5
829,Gamalama Resto & Cafe Jakarta,E “Ben-Ari” Ariesandy,2
830,Henshin,Uhandanny Soebiantoro,4
831,Henshin,Sapi Lucu,4
832,Henshin,Sasda Sabrina,5
833,Henshin,Adhitya S Ramadianto,5
834,Henshin,Handoko Limaho,5
835,Twelve Chinese Dining,Silly Cow,4
836,Twelve Chinese Dining,Andre Alexander,5
837,Twelve Chinese Dining,Jessica Michelle Christian,3
838,Twelve Chinese Dining,Just Jennz,4
839,Twelve Chinese Dining,Rob Umbara,4
840,Lara Djonggrang,lisna nababan,4
841,Lara Djonggrang,Anjan Bhattacharya,4
842,Lara Djonggrang,RIKA HAKIM,5
843,Lara Djonggrang,Nayu A. Ramadhaningsih,4
844,Lara Djonggrang,Bagas Adi Nugroho,5
845,1928 Restaurant,Abby Marcel,5
846,1928 Restaurant,Handoko Limaho,5
847,1928 Restaurant,Amaranila Lalita,5
848,1928 Restaurant,Lana D,5
849,1928 Restaurant,Joel Chow,3
850,Kaum Jakarta,Jo Anne Pilapil,5
851,Kaum Jakarta,Adrian S,5
852,Kaum Jakarta,RIKA HAKIM,5
853,Kaum Jakarta,Nanda (Nseptember),5
854,Kaum Jakarta,Nida,4
855,AMUZ Gourmet Restaurant,Raymond Lim,5
856,AMUZ Gourmet Restaurant,Handoko Limaho,5
857,AMUZ Gourmet Restaurant,Das Tian,5
858,AMUZ Gourmet Restaurant,nicholas aristia,5
859,AMUZ Gourmet Restaurant,Max Auberger,5
860,Seasonal Tastes at The Westin Jakarta,Freddy Kua,5
861,Seasonal Tastes at The Westin Jakarta,Joanne Eugenia,5
862,Seasonal Tastes at The Westin Jakarta,Sam Root,5
863,Seasonal Tastes at The Westin Jakarta,Aldi Inak,5
864,Seasonal Tastes at The Westin Jakarta,Karin N. Nisa (karintil),4
865,The Cafe,Yulius Rizal,5
866,The Cafe,Indie Saragih,5
867,The Cafe,Keluarga Bontanghe,5
868,The Cafe,Joshua Gustaf Tangkulung,5
869,The Cafe,Marcella Cindy,5
870,BISTECCA,Yulius Rizal,5
871,BISTECCA,Gleb Livshitz,4
872,BISTECCA,Azriel David,3
873,BISTECCA,Puja Saputra,4
874,BISTECCA,Bull Dogg,4
875,Queens Head Jakarta,Nanda (Nseptember),4
876,Queens Head Jakarta,Kenny Kurniawan,5
877,Queens Head Jakarta,Alessia Mathewson,5
878,Queens Head Jakarta,Dindin Nurhayadin,5
879,Queens Head Jakarta,Annisa Nabila,4
880,Sailendra Restaurant,Andina Ayunani,5
881,Sailendra Restaurant,Te Ir,5
882,Sailendra Restaurant,florentina raines,5
883,Sailendra Restaurant,Eka Deny,5
884,Sailendra Restaurant,Kevin,5
885,View Steak Bar,rafa martinez,5
886,View Steak Bar,Handoko Limaho,4
887,View Steak Bar,Ivan K,5
888,View Steak Bar,Sara Febriany,5
889,View Steak Bar,Vicky Hermawan,5
890,SEIA Restaurant,Aris Limiarto,4
891,SEIA Restaurant,audrey gunawan,5
892,SEIA Restaurant,Virna AR,5
893,SEIA Restaurant,Stella Leeansyah,5
894,SEIA Restaurant,benny tjhin,5
895,Asuka Japanese Dining,Lee Lan Kam,4
896,Asuka Japanese Dining,J,3
897,Asuka Japanese Dining,David Chastain,5
898,Asuka Japanese Dining,WaiTuck CHONG,5
899,Asuka Japanese Dining,Gleb Livshitz,5
900,Tom’s by Tom Aikens,Bernardine Tan,4
901,Tom’s by Tom Aikens,J Chung,5
902,Tom’s by Tom Aikens,RYAN LIN,5
903,Tom’s by Tom Aikens,Martin Hong,5
904,Tom’s by Tom Aikens,Dio A.P,4
905,Smarapura,Emillia_ NF,4
906,Smarapura,Yulius Rizal,5
907,Smarapura,Artono Hadisanto,5
908,Smarapura,Christopher Sutandar,5
909,Smarapura,Baiq Nurul Srifathona,4
910,Sudestada,Hannah Glathar,5
911,Sudestada,Naomi R,5
912,Sudestada,Linna,5
913,Sudestada,Ronnie Wongkar,5
914,Sudestada,Sonny Ng,4
915,Grand Café,Arline Wijaya,5
916,Grand Café,Sanjeev Bhalla,5
917,Grand Café,Radja Sitanggang,5
918,Grand Café,Harso Forever,4
919,Grand Café,Ronald Ishak,1
920,Cikang Coffee & Resto,HDR HDR,1
921,Cikang Coffee & Resto,Dyah,5
922,Cikang Coffee & Resto,Dea A,1
923,Cikang Coffee & Resto,Vi I,4
924,Cikang Coffee & Resto,Martin Hong,4
925,Wolfgang's Steakhouse Jakarta,Rahadiyan Narendra,5
926,Wolfgang's Steakhouse Jakarta,Henry Gunawan,5
927,Wolfgang's Steakhouse Jakarta,Munchie Diary,5
928,Wolfgang's Steakhouse Jakarta,Gregory Joey,5
929,Wolfgang's Steakhouse Jakarta,Erik Firman,5
930,GIOI Menteng,Astri A,5
931,GIOI Menteng,Nanda (Nseptember),4
932,GIOI Menteng,Sherly Dewi,5
933,GIOI Menteng,Annisha Nurilla,5
934,GIOI Menteng,Aris Limiarto,4
935,Namaaz Dining,Ivan Aditya,4
936,Namaaz Dining,Yuwanda Kasikin,3
937,Namaaz Dining,Graciela Christina,5
938,Namaaz Dining,Bartoq R,5
939,Namaaz Dining,lisna nababan,4
940,Iga-Ku Restaurant,XY Fuwa,4
941,Iga-Ku Restaurant,Cindyas Rachmat,4
942,Iga-Ku Restaurant,T Novalia,4
943,Iga-Ku Restaurant,ika subekti,5
944,Iga-Ku Restaurant,Eldo Kredainou Alwi,5
945,Turkuaz,Sapiderman Lumpat,4
946,Turkuaz,FWPN,4
947,Turkuaz,Hadi Santoso,5
948,Turkuaz,Allinhere Y,5
949,Turkuaz,Arief Ramon,4
950,Loewy,Manish Shrivastava,5
951,Loewy,Puspa Cahyono,4
952,Loewy,Erniyati Fun,2
953,Loewy,Juliana Kwok,5
954,Loewy,Roland Trimmel,5
955,Three Buns Jakarta,Wisnu Bramantyo,5
956,Three Buns Jakarta,Pete Silva,3
957,Three Buns Jakarta,Stefano,5
958,Three Buns Jakarta,Hannah Glathar,5
959,Three Buns Jakarta,Diandra Valini,5
960,Kembang Goela Restaurant,F (Fer),5
961,Kembang Goela Restaurant,Camille,5
962,Kembang Goela Restaurant,Novita Frederika,3
963,Kembang Goela Restaurant,Norman C,2
964,Kembang Goela Restaurant,Rahmi,4
965,Oakroom Restaurant & Bar,STEVANIE,4
966,Oakroom Restaurant & Bar,One Will,5
967,Oakroom Restaurant & Bar,Firman Firdani,5
968,Oakroom Restaurant & Bar,Lewi Verdatama,5
969,Oakroom Restaurant & Bar,Aditya Halim,3
970,OKU,Anonymous Person,3
971,OKU,Belinda xie,5
972,OKU,Wilsen Tjhung,4
973,OKU,Randy,5
974,OKU,Mas Bei,5
975,il Mare,C Sir,5
976,il Mare,davy Sukamta,5
977,il Mare,Andre Nath,2
978,il Mare,Ahda Arifa Ismail,5
979,il Mare,Rhicke Jennings,5
980,Paulaner Bräuhaus,Sukamdhani Kencana,5
981,Paulaner Bräuhaus,Jo Anne Pilapil,4
982,Paulaner Bräuhaus,Marbert Lie,4
983,Paulaner Bräuhaus,tobi d.,3
984,Paulaner Bräuhaus,Nanda (Nseptember),3
985,Pearl Chinese Restaurant,Donny S,4
986,Pearl Chinese Restaurant,D3knee,1
987,Pearl Chinese Restaurant,มานี่มาตรา มานั่น,5
988,Pearl Chinese Restaurant,Eiline Federica,5
989,Pearl Chinese Restaurant,regina setiawan,5
990,C’s Steak and Seafood,Fernando Sarael,4
991,C’s Steak and Seafood,v3r,5
992,C’s Steak and Seafood,Laurent Limare,5
993,C’s Steak and Seafood,Laily Lanisy,5
994,C’s Steak and Seafood,Arief Ramon,4
995,Benihana The Japanese Steakhouse,Freddy Samad,5
996,Benihana The Japanese Steakhouse,Erly Tunriallu,5
997,Benihana The Japanese Steakhouse,Kezya Gunawan Wijaya,5
998,Benihana The Japanese Steakhouse,tobi d.,5
999,Benihana The Japanese Steakhouse,Joanne Teo.,5
1000,Jakarta Restaurant & The Courtyard,Putra P,5
1001,Jakarta Restaurant & The Courtyard,Fitri Andriyani,5
1002,Jakarta Restaurant & The Courtyard,Evan Tan,4
1003,Jakarta Restaurant & The Courtyard,Bernie Soebekti,5
1004,Jakarta Restaurant & The Courtyard,rafa martinez,5
1005,La Brasserie Restaurant,Robin K,5
1006,La Brasserie Restaurant,Soo Hin Yeoh,5
1007,La Brasserie Restaurant,Cindy Cindy,5
1008,La Brasserie Restaurant,Biju Varghese,5
1009,La Brasserie Restaurant,Leony Maranatha (Oh Eun Sun),5
1010,Animale Restaurant,Sarah Mulyo,5
1011,Animale Restaurant,Liz G,4
1012,Animale Restaurant,lidya evangelista,5
1013,Animale Restaurant,Sarah R.,4
1014,Animale Restaurant,Ronderic,5
1015,Harum Manis Restaurant,Lily Gorjan,4
1016,Harum Manis Restaurant,Sandra Monica,4
1017,Harum Manis Restaurant,Lyndon Burke,5
1018,Harum Manis Restaurant,Anita Schneider,5
1019,Harum Manis Restaurant,yunan bayu pratama,5
1020,Signatures Restaurant,Fajar Fajar,3
1021,Signatures Restaurant,Aryanto,5
1022,Signatures Restaurant,Yan Putra,4
1023,Signatures Restaurant,Nana Setiawan,4
1024,Signatures Restaurant,Gary Lim,4
1025,Sana Sini Restaurant,Frederique De Sousa,5
1026,Sana Sini Restaurant,Budi Soetjipto,3
1027,Sana Sini Restaurant,Lydia Zein,5
1028,Sana Sini Restaurant,Alex A. ART,4
1029,Sana Sini Restaurant,R A,5
1030,HA-KA Resto,Richard Yahya,5
1031,HA-KA Resto,seli ariani,5
1032,HA-KA Resto,Tri Ana,5
1033,HA-KA Resto,Ramil Valitov,5
1034,HA-KA Resto,Amar Khosyian,5
1035,Catappa Restaurant,Tedy Wijaya,5
1036,Catappa Restaurant,ye row,2
1037,Catappa Restaurant,LIN WIE,3
1038,Catappa Restaurant,Nanang Setiawan,5
1039,Catappa Restaurant,Valen Susanto,5
1040,PA.SO.LA Restaurant,Alisa Levchenko-Plekhanova,3
1041,PA.SO.LA Restaurant,Reddy Panggabean,5
1042,PA.SO.LA Restaurant,Marcella Cindy,5
1043,PA.SO.LA Restaurant,Michelle A,2
1044,PA.SO.LA Restaurant,Rini Yulianti,5
1045,Table8,Julia Christina,5
1046,Table8,Vincent Ruslie,5
1047,Table8,Joshua Gustaf Tangkulung,5
1048,Table8,theodora regina,5
1049,Table8,Titan 10,5
1050,D'Sky Bistro - Jakarta,Ghozy Naim,5
1051,D'Sky Bistro - Jakarta,Aleksander Hutabarat,4
1052,D'Sky Bistro - Jakarta,Agung Satrio,4
1053,D'Sky Bistro - Jakarta,bagus ariadi,5
1054,D'Sky Bistro - Jakarta,BEN,5
1055,Gran Via Cafe,Hans Jonathan,5
1056,Gran Via Cafe,Jennifer Bratakencana,5
1057,Gran Via Cafe,Linawati Sardjan,3
1058,Gran Via Cafe,Max,5
1059,Gran Via Cafe,Safeena Shivanand,5
1060,Al Jazeerah Signature Restaurant & Lounge مطعم الجزيرة سقنتشر جاكرتا,dailux,3
1061,Al Jazeerah Signature Restaurant & Lounge مطعم الجزيرة سقنتشر جاكرتا,nicholas aristia,4
1062,Al Jazeerah Signature Restaurant & Lounge مطعم الجزيرة سقنتشر جاكرتا,Taufik WIDJAJA,5
1063,Al Jazeerah Signature Restaurant & Lounge مطعم الجزيرة سقنتشر جاكرتا,Yulis Nawati,5
1064,Al Jazeerah Signature Restaurant & Lounge مطعم الجزيرة سقنتشر جاكرتا,Matin Abrardo Barizza,5
1065,Skye,lady nathalia,4
1066,Skye,Adi Kurniawan,5
1067,Skye,Raditya Pratama,5
1068,Skye,FRANCISCA,5
1069,Skye,Katy Wise,5
1070,Palm Court,Andrian Taufik,5
1071,Palm Court,Brian Hermawan,5
1072,Palm Court,Putra P,5
1073,Palm Court,M. Fuad Q. Alam,4
1074,Palm Court,Puput Ertiandani,5
1075,Gamalama Resto & Cafe Jakarta,Andre Tjoa,5
1076,Gamalama Resto & Cafe Jakarta,Mardea Mumpuni,5
1077,Gamalama Resto & Cafe Jakarta,byUrmo,4
1078,Gamalama Resto & Cafe Jakarta,Agung Yuristianto,5
1079,Gamalama Resto & Cafe Jakarta,E “Ben-Ari” Ariesandy,2
1080,Henshin,Uhandanny Soebiantoro,4
1081,Henshin,Sapi Lucu,4
1082,Henshin,Sasda Sabrina,5
1083,Henshin,Adhitya S Ramadianto,5
1084,Henshin,Handoko Limaho,5
1085,Twelve Chinese Dining,Silly Cow,4
1086,Twelve Chinese Dining,Andre Alexander,5
1087,Twelve Chinese Dining,Jessica Michelle Christian,3
1088,Twelve Chinese Dining,Just Jennz,4
1089,Twelve Chinese Dining,Rob Umbara,4
1090,Lara Djonggrang,lisna nababan,4
1091,Lara Djonggrang,Anjan Bhattacharya,4
1092,Lara Djonggrang,RIKA HAKIM,5
1093,Lara Djonggrang,Nayu A. Ramadhaningsih,4
1094,Lara Djonggrang,Bagas Adi Nugroho,5
1095,1928 Restaurant,Abby Marcel,5
1096,1928 Restaurant,Handoko Limaho,5
1097,1928 Restaurant,Amaranila Lalita,5
1098,1928 Restaurant,Lana D,5
1099,1928 Restaurant,Joel Chow,3
1100,Kaum Jakarta,Jo Anne Pilapil,5
1101,Kaum Jakarta,Adrian S,5
1102,Kaum Jakarta,RIKA HAKIM,5
1103,Kaum Jakarta,Nanda (Nseptember),5
1104,Kaum Jakarta,Nida,4
1105,AMUZ Gourmet Restaurant,Raymond Lim,5
1106,AMUZ Gourmet Restaurant,Handoko Limaho,5
1107,AMUZ Gourmet Restaurant,Das Tian,5
1108,AMUZ Gourmet Restaurant,nicholas aristia,5
1109,AMUZ Gourmet Restaurant,Max Auberger,5
1110,Seasonal Tastes at The Westin Jakarta,Freddy Kua,5
1111,Seasonal Tastes at The Westin Jakarta,Joanne Eugenia,5
1112,Seasonal Tastes at The Westin Jakarta,Sam Root,5
1113,Seasonal Tastes at The Westin Jakarta,Aldi Inak,5
1114,Seasonal Tastes at The Westin Jakarta,Karin N. Nisa (karintil),4
1115,The Cafe,Yulius Rizal,5
1116,The Cafe,Indie Saragih,5
1117,The Cafe,Keluarga Bontanghe,5
1118,The Cafe,Joshua Gustaf Tangkulung,5
1119,The Cafe,Marcella Cindy,5
1120,BISTECCA,Yulius Rizal,5
1121,BISTECCA,Gleb Livshitz,4
1122,BISTECCA,Azriel David,3
1123,BISTECCA,Puja Saputra,4
1124,BISTECCA,Bull Dogg,4
1125,Queens Head Jakarta,Nanda (Nseptember),4
1126,Queens Head Jakarta,Kenny Kurniawan,5
1127,Queens Head Jakarta,Alessia Mathewson,5
1128,Queens Head Jakarta,Dindin Nurhayadin,5
1129,Queens Head Jakarta,Annisa Nabila,4
1130,Sailendra Restaurant,Andina Ayunani,5
1131,Sailendra Restaurant,Te Ir,5
1132,Sailendra Restaurant,florentina raines,5
1133,Sailendra Restaurant,Eka Deny,5
1134,Sailendra Restaurant,Kevin,5
1135,View Steak Bar,rafa martinez,5
1136,View Steak Bar,Handoko Limaho,4
1137,View Steak Bar,Ivan K,5
1138,View Steak Bar,Sara Febriany,5
1139,View Steak Bar,Vicky Hermawan,5
1140,SEIA Restaurant,Aris Limiarto,4
1141,SEIA Restaurant,audrey gunawan,5
1142,SEIA Restaurant,Virna AR,5
1143,SEIA Restaurant,Stella Leeansyah,5
1144,SEIA Restaurant,benny tjhin,5
1145,Asuka Japanese Dining,Lee Lan Kam,4
1146,Asuka Japanese Dining,J,3
1147,Asuka Japanese Dining,David Chastain,5
1148,Asuka Japanese Dining,WaiTuck CHONG,5
1149,Asuka Japanese Dining,Gleb Livshitz,5
1150,Tom’s by Tom Aikens,Bernardine Tan,4
1151,Tom’s by Tom Aikens,J Chung,5
1152,Tom’s by Tom Aikens,RYAN LIN,5
1153,Tom’s by Tom Aikens,Martin Hong,5
1154,Tom’s by Tom Aikens,Dio A.P,4
1155,Smarapura,Emillia_ NF,4
1156,Smarapura,Yulius Rizal,5
1157,Smarapura,Artono Hadisanto,5
1158,Smarapura,Christopher Sutandar,5
1159,Smarapura,Baiq Nurul Srifathona,4
1160,Sudestada,Hannah Glathar,5
1161,Sudestada,Naomi R,5
1162,Sudestada,Linna,5
1163,Sudestada,Ronnie Wongkar,5
1164,Sudestada,Sonny Ng,4
1165,Grand Café,Arline Wijaya,5
1166,Grand Café,Sanjeev Bhalla,5
1167,Grand Café,Radja Sitanggang,5
1168,Grand Café,Harso Forever,4
1169,Grand Café,Ronald Ishak,1
1170,Cikang Coffee & Resto,HDR HDR,1
1171,Cikang Coffee & Resto,Dyah,5
1172,Cikang Coffee & Resto,Dea A,1
1173,Cikang Coffee & Resto,Vi I,4
1174,Cikang Coffee & Resto,Martin Hong,4
1175,Wolfgang's Steakhouse Jakarta,Rahadiyan Narendra,5
1176,Wolfgang's Steakhouse Jakarta,Henry Gunawan,5
1177,Wolfgang's Steakhouse Jakarta,Munchie Diary,5
1178,Wolfgang's Steakhouse Jakarta,Gregory Joey,5
1179,Wolfgang's Steakhouse Jakarta,Erik Firman,5
1180,GIOI Menteng,Astri A,5
1181,GIOI Menteng,Nanda (Nseptember),4
1182,GIOI Menteng,Sherly Dewi,5
1183,GIOI Menteng,Annisha Nurilla,5
1184,GIOI Menteng,Aris Limiarto,4
1185,Namaaz Dining,Ivan Aditya,4
1186,Namaaz Dining,Yuwanda Kasikin,3
1187,Namaaz Dining,Graciela Christina,5
1188,Namaaz Dining,Bartoq R,5
1189,Namaaz Dining,lisna nababan,4
1190,Iga-Ku Restaurant,XY Fuwa,4
1191,Iga-Ku Restaurant,Cindyas Rachmat,4
1192,Iga-Ku Restaurant,T Novalia,4
1193,Iga-Ku Restaurant,ika subekti,5
1194,Iga-Ku Restaurant,Eldo Kredainou Alwi,5
1195,Turkuaz,Sapiderman Lumpat,4
1196,Turkuaz,FWPN,4
1197,Turkuaz,Hadi Santoso,5
1198,Turkuaz,Allinhere Y,5
1199,Turkuaz,Arief Ramon,4
1200,Loewy,Manish Shrivastava,5
1201,Loewy,Puspa Cahyono,4
1202,Loewy,Erniyati Fun,2
1203,Loewy,Juliana Kwok,5
1204,Loewy,Roland Trimmel,5
1205,Three Buns Jakarta,Wisnu Bramantyo,5
1206,Three Buns Jakarta,Pete Silva,3
1207,Three Buns Jakarta,Stefano,5
1208,Three Buns Jakarta,Hannah Glathar,5
1209,Three Buns Jakarta,Diandra Valini,5
1210,Kembang Goela Restaurant,F (Fer),5
1211,Kembang Goela Restaurant,Camille,5
1212,Kembang Goela Restaurant,Novita Frederika,3
1213,Kembang Goela Restaurant,Norman C,2
1214,Kembang Goela Restaurant,Rahmi,4
1215,Oakroom Restaurant & Bar,STEVANIE,4
1216,Oakroom Restaurant & Bar,One Will,5
1217,Oakroom Restaurant & Bar,Firman Firdani,5
1218,Oakroom Restaurant & Bar,Lewi Verdatama,5
1219,Oakroom Restaurant & Bar,Aditya Halim,3
1220,OKU,Anonymous Person,3
1221,OKU,Belinda xie,5
1222,OKU,Wilsen Tjhung,4
1223,OKU,Randy,5
1224,OKU,Mas Bei,5
1225,il Mare,C Sir,5
1226,il Mare,davy Sukamta,5
1227,il Mare,Andre Nath,2
1228,il Mare,Ahda Arifa Ismail,5
1229,il Mare,Rhicke Jennings,5
1230,Paulaner Bräuhaus,Sukamdhani Kencana,5
1231,Paulaner Bräuhaus,Jo Anne Pilapil,4
1232,Paulaner Bräuhaus,Marbert Lie,4
1233,Paulaner Bräuhaus,tobi d.,3
1234,Paulaner Bräuhaus,Nanda (Nseptember),3
1235,Pearl Chinese Restaurant,Donny S,4
1236,Pearl Chinese Restaurant,D3knee,1
1237,Pearl Chinese Restaurant,มานี่มาตรา มานั่น,5
1238,Pearl Chinese Restaurant,Eiline Federica,5
1239,Pearl Chinese Restaurant,regina setiawan,5
1240,C’s Steak and Seafood,Fernando Sarael,4
1241,C’s Steak and Seafood,v3r,5
1242,C’s Steak and Seafood,Laurent Limare,5
1243,C’s Steak and Seafood,Laily Lanisy,5
1244,C’s Steak and Seafood,Arief Ramon,4
1245,Benihana The Japanese Steakhouse,Freddy Samad,5
1246,Benihana The Japanese Steakhouse,Erly Tunriallu,5
1247,Benihana The Japanese Steakhouse,Kezya Gunawan Wijaya,5
1248,Benihana The Japanese Steakhouse,tobi d.,5
1249,Benihana The Japanese Steakhouse,Joanne Teo.,5
1250,Jakarta Restaurant & The Courtyard,Putra P,5
1251,Jakarta Restaurant & The Courtyard,Fitri Andriyani,5
1252,Jakarta Restaurant & The Courtyard,Evan Tan,4
1253,Jakarta Restaurant & The Courtyard,Bernie Soebekti,5
1254,Jakarta Restaurant & The Courtyard,rafa martinez,5
1255,La Brasserie Restaurant,Robin K,5
1256,La Brasserie Restaurant,Soo Hin Yeoh,5
1257,La Brasserie Restaurant,Cindy Cindy,5
1258,La Brasserie Restaurant,Biju Varghese,5
1259,La Brasserie Restaurant,Leony Maranatha (Oh Eun Sun),5
1260,Animale Restaurant,Sarah Mulyo,5
1261,Animale Restaurant,Liz G,4
1262,Animale Restaurant,lidya evangelista,5
1263,Animale Restaurant,Sarah R.,4
1264,Animale Restaurant,Ronderic,5
1265,Harum Manis Restaurant,Lily Gorjan,4
1266,Harum Manis Restaurant,Sandra Monica,4
1267,Harum Manis Restaurant,Lyndon Burke,5
1268,Harum Manis Restaurant,Anita Schneider,5
1269,Harum Manis Restaurant,yunan bayu pratama,5
1270,Signatures Restaurant,Fajar Fajar,3
1271,Signatures Restaurant,Aryanto,5
1272,Signatures Restaurant,Yan Putra,4
1273,Signatures Restaurant,Nana Setiawan,4
1274,Signatures Restaurant,Gary Lim,4
1275,Sana Sini Restaurant,Frederique De Sousa,5
1276,Sana Sini Restaurant,Budi Soetjipto,3
1277,Sana Sini Restaurant,Lydia Zein,5
1278,Sana Sini Restaurant,Alex A. ART,4
1279,Sana Sini Restaurant,R A,5
1280,HA-KA Resto,Richard Yahya,5
1281,HA-KA Resto,seli ariani,5
1282,HA-KA Resto,Tri Ana,5
1283,HA-KA Resto,Ramil Valitov,5
1284,HA-KA Resto,Amar Khosyian,5
1285,Catappa Restaurant,Tedy Wijaya,5
1286,Catappa Restaurant,ye row,2
1287,Catappa Restaurant,LIN WIE,3
1288,Catappa Restaurant,Nanang Setiawan,5
1289,Catappa Restaurant,Valen Susanto,5
1290,PA.SO.LA Restaurant,Alisa Levchenko-Plekhanova,3
1291,PA.SO.LA Restaurant,Reddy Panggabean,5
1292,PA.SO.LA Restaurant,Marcella Cindy,5
1293,PA.SO.LA Restaurant,Michelle A,2
1294,PA.SO.LA Restaurant,Rini Yulianti,5
1295,Table8,Julia Christina,5
1296,Table8,Vincent Ruslie,5
1297,Table8,Joshua Gustaf Tangkulung,5
1298,Table8,theodora regina,5
1299,Table8,Titan 10,5
1300,D'Sky Bistro - Jakarta,Ghozy Naim,5
1301,D'Sky Bistro - Jakarta,Aleksander Hutabarat,4
1302,D'Sky Bistro - Jakarta,Agung Satrio,4
1303,D'Sky Bistro - Jakarta,bagus ariadi,5
1304,D'Sky Bistro - Jakarta,BEN,5
1305,Gran Via Cafe,Hans Jonathan,5
1306,Gran Via Cafe,Jennifer Bratakencana,5
1307,Gran Via Cafe,Linawati Sardjan,3
1308,Gran Via Cafe,Max,5
1309,Gran Via Cafe,Safeena Shivanand,5
1310,Al Jazeerah Signature Restaurant & Lounge مطعم الجزيرة سقنتشر جاكرتا,dailux,3
1311,Al Jazeerah Signature Restaurant & Lounge مطعم الجزيرة سقنتشر جاكرتا,nicholas aristia,4
1312,Al Jazeerah Signature Restaurant & Lounge مطعم الجزيرة سقنتشر جاكرتا,Taufik WIDJAJA,5
1313,Al Jazeerah Signature Restaurant & Lounge مطعم الجزيرة سقنتشر جاكرتا,Yulis Nawati,5
1314,Al Jazeerah Signature Restaurant & Lounge مطعم الجزيرة سقنتشر جاكرتا,Matin Abrardo Barizza,5
1315,Skye,lady nathalia,4
1316,Skye,Adi Kurniawan,5
1317,Skye,Raditya Pratama,5
1318,Skye,FRANCISCA,5
1319,Skye,Katy Wise,5
1320,Palm Court,Andrian Taufik,5
1321,Palm Court,Brian Hermawan,5
1322,Palm Court,Putra P,5
1323,Palm Court,M. Fuad Q. Alam,4
1324,Palm Court,Puput Ertiandani,5
1325,Gamalama Resto & Cafe Jakarta,Andre Tjoa,5
1326,Gamalama Resto & Cafe Jakarta,Mardea Mumpuni,5
1327,Gamalama Resto & Cafe Jakarta,byUrmo,4
1328,Gamalama Resto & Cafe Jakarta,Agung Yuristianto,5
1329,Gamalama Resto & Cafe Jakarta,E “Ben-Ari” Ariesandy,2
1330,Henshin,Uhandanny Soebiantoro,4
1331,Henshin,Sapi Lucu,4
1332,Henshin,Sasda Sabrina,5
1333,Henshin,Adhitya S Ramadianto,5
1334,Henshin,Handoko Limaho,5
1335,Twelve Chinese Dining,Silly Cow,4
1336,Twelve Chinese Dining,Andre Alexander,5
1337,Twelve Chinese Dining,Jessica Michelle Christian,3
1338,Twelve Chinese Dining,Just Jennz,4
1339,Twelve Chinese Dining,Rob Umbara,4
1340,Lara Djonggrang,lisna nababan,4
1341,Lara Djonggrang,Anjan Bhattacharya,4
1342,Lara Djonggrang,RIKA HAKIM,5
1343,Lara Djonggrang,Nayu A. Ramadhaningsih,4
1344,Lara Djonggrang,Bagas Adi Nugroho,5
1345,1928 Restaurant,Abby Marcel,5
1346,1928 Restaurant,Handoko Limaho,5
1347,1928 Restaurant,Amaranila Lalita,5
1348,1928 Restaurant,Lana D,5
1349,1928 Restaurant,Joel Chow,3
1350,Kaum Jakarta,Jo Anne Pilapil,5
1351,Kaum Jakarta,Adrian S,5
1352,Kaum Jakarta,RIKA HAKIM,5
1353,Kaum Jakarta,Nanda (Nseptember),5
1354,Kaum Jakarta,Nida,4
1355,AMUZ Gourmet Restaurant,Raymond Lim,5
1356,AMUZ Gourmet Restaurant,Handoko Limaho,5
1357,AMUZ Gourmet Restaurant,Das Tian,5
1358,AMUZ Gourmet Restaurant,nicholas aristia,5
1359,AMUZ Gourmet Restaurant,Max Auberger,5
1360,Seasonal Tastes at The Westin Jakarta,Freddy Kua,5
1361,Seasonal Tastes at The Westin Jakarta,Joanne Eugenia,5
1362,Seasonal Tastes at The Westin Jakarta,Sam Root,5
1363,Seasonal Tastes at The Westin Jakarta,Aldi Inak,5
1364,Seasonal Tastes at The Westin Jakarta,Karin N. Nisa (karintil),4
1365,The Cafe,Yulius Rizal,5
1366,The Cafe,Indie Saragih,5
1367,The Cafe,Keluarga Bontanghe,5
1368,The Cafe,Joshua Gustaf Tangkulung,5
1369,The Cafe,Marcella Cindy,5
1370,BISTECCA,Yulius Rizal,5
1371,BISTECCA,Gleb Livshitz,4
1372,BISTECCA,Azriel David,3
1373,BISTECCA,Puja Saputra,4
1374,BISTECCA,Bull Dogg,4
1375,Queens Head Jakarta,Nanda (Nseptember),4
1376,Queens Head Jakarta,Kenny Kurniawan,5
1377,Queens Head Jakarta,Alessia Mathewson,5
1378,Queens Head Jakarta,Dindin Nurhayadin,5
1379,Queens Head Jakarta,Annisa Nabila,4
1380,Sailendra Restaurant,Andina Ayunani,5
1381,Sailendra Restaurant,Te Ir,5
1382,Sailendra Restaurant,florentina raines,5
1383,Sailendra Restaurant,Eka Deny,5
1384,Sailendra Restaurant,Kevin,5
1385,View Steak Bar,rafa martinez,5
1386,View Steak Bar,Handoko Limaho,4
1387,View Steak Bar,Ivan K,5
1388,View Steak Bar,Sara Febriany,5
1389,View Steak Bar,Vicky Hermawan,5
1390,SEIA Restaurant,Aris Limiarto,4
1391,SEIA Restaurant,audrey gunawan,5
1392,SEIA Restaurant,Virna AR,5
1393,SEIA Restaurant,Stella Leeansyah,5
1394,SEIA Restaurant,benny tjhin,5
1395,Asuka Japanese Dining,Lee Lan Kam,4
1396,Asuka Japanese Dining,J,3
1397,Asuka Japanese Dining,David Chastain,5
1398,Asuka Japanese Dining,WaiTuck CHONG,5
1399,Asuka Japanese Dining,Gleb Livshitz,5
1400,Tom’s by Tom Aikens,Bernardine Tan,4
1401,Tom’s by Tom Aikens,J Chung,5
1402,Tom’s by Tom Aikens,RYAN LIN,5
1403,Tom’s by Tom Aikens,Martin Hong,5
1404,Tom’s by Tom Aikens,Dio A.P,4
1405,Smarapura,Emillia_ NF,4
1406,Smarapura,Yulius Rizal,5
1407,Smarapura,Artono Hadisanto,5
1408,Smarapura,Christopher Sutandar,5
1409,Smarapura,Baiq Nurul Srifathona,4
1410,Sudestada,Hannah Glathar,5
1411,Sudestada,Naomi R,5
1412,Sudestada,Linna,5
1413,Sudestada,Ronnie Wongkar,5
1414,Sudestada,Sonny Ng,4
1415,Grand Café,Arline Wijaya,5
1416,Grand Café,Sanjeev Bhalla,5
1417,Grand Café,Radja Sitanggang,5
1418,Grand Café,Harso Forever,4
1419,Grand Café,Ronald Ishak,1
1420,Cikang Coffee & Resto,HDR HDR,1
1421,Cikang Coffee & Resto,Dyah,5
1422,Cikang Coffee & Resto,Dea A,1
1423,Cikang Coffee & Resto,Vi I,4
1424,Cikang Coffee & Resto,Martin Hong,4
1425,Wolfgang's Steakhouse Jakarta,Rahadiyan Narendra,5
1426,Wolfgang's Steakhouse Jakarta,Henry Gunawan,5
1427,Wolfgang's Steakhouse Jakarta,Munchie Diary,5
1428,Wolfgang's Steakhouse Jakarta,Gregory Joey,5
1429,Wolfgang's Steakhouse Jakarta,Erik Firman,5
1430,GIOI Menteng,Astri A,5
1431,GIOI Menteng,Nanda (Nseptember),4
1432,GIOI Menteng,Sherly Dewi,5
1433,GIOI Menteng,Annisha Nurilla,5
1434,GIOI Menteng,Aris Limiarto,4
1435,Namaaz Dining,Ivan Aditya,4
1436,Namaaz Dining,Yuwanda Kasikin,3
1437,Namaaz Dining,Graciela Christina,5
1438,Namaaz Dining,Bartoq R,5
1439,Namaaz Dining,lisna nababan,4
1440,Iga-Ku Restaurant,XY Fuwa,4
1441,Iga-Ku Restaurant,Cindyas Rachmat,4
1442,Iga-Ku Restaurant,T Novalia,4
1443,Iga-Ku Restaurant,ika subekti,5
1444,Iga-Ku Restaurant,Eldo Kredainou Alwi,5
1445,Turkuaz,Sapiderman Lumpat,4
1446,Turkuaz,FWPN,4
1447,Turkuaz,Hadi Santoso,5
1448,Turkuaz,Allinhere Y,5
1449,Turkuaz,Arief Ramon,4
1450,Loewy,Manish Shrivastava,5
1451,Loewy,Puspa Cahyono,4
1452,Loewy,Erniyati Fun,2
1453,Loewy,Juliana Kwok,5
1454,Loewy,Roland Trimmel,5
1455,Three Buns Jakarta,Wisnu Bramantyo,5
1456,Three Buns Jakarta,Pete Silva,3
1457,Three Buns Jakarta,Stefano,5
1458,Three Buns Jakarta,Hannah Glathar,5
1459,Three Buns Jakarta,Diandra Valini,5
1460,Kembang Goela Restaurant,F (Fer),5
1461,Kembang Goela Restaurant,Camille,5
1462,Kembang Goela Restaurant,Novita Frederika,3
1463,Kembang Goela Restaurant,Norman C,2
1464,Kembang Goela Restaurant,Rahmi,4
1465,Oakroom Restaurant & Bar,STEVANIE,4
1466,Oakroom Restaurant & Bar,One Will,5
1467,Oakroom Restaurant & Bar,Firman Firdani,5
1468,Oakroom Restaurant & Bar,Lewi Verdatama,5
1469,Oakroom Restaurant & Bar,Aditya Halim,3
1470,OKU,Anonymous Person,3
1471,OKU,Belinda xie,5
1472,OKU,Wilsen Tjhung,4
1473,OKU,Randy,5
1474,OKU,Mas Bei,5
1475,il Mare,C Sir,5
1476,il Mare,davy Sukamta,5
1477,il Mare,Andre Nath,2
1478,il Mare,Ahda Arifa Ismail,5
1479,il Mare,Rhicke Jennings,5
1480,Paulaner Bräuhaus,Sukamdhani Kencana,5
1481,Paulaner Bräuhaus,Jo Anne Pilapil,4
1482,Paulaner Bräuhaus,Marbert Lie,4
1483,Paulaner Bräuhaus,tobi d.,3
1484,Paulaner Bräuhaus,Nanda (Nseptember),3
1485,Pearl Chinese Restaurant,Donny S,4
1486,Pearl Chinese Restaurant,D3knee,1
1487,Pearl Chinese Restaurant,มานี่มาตรา มานั่น,5
1488,Pearl Chinese Restaurant,Eiline Federica,5
1489,Pearl Chinese Restaurant,regina setiawan,5
1490,C’s Steak and Seafood,Fernando Sarael,4
1491,C’s Steak and Seafood,v3r,5
1492,C’s Steak and Seafood,Laurent Limare,5
1493,C’s Steak and Seafood,Laily Lanisy,5
1494,C’s Steak and Seafood,Arief Ramon,4
1495,Benihana The Japanese Steakhouse,Freddy Samad,5
1496,Benihana The Japanese Steakhouse,Erly Tunriallu,5
1497,Benihana The Japanese Steakhouse,Kezya Gunawan Wijaya,5
1498,Benihana The Japanese Steakhouse,tobi d.,5
1499,Benihana The Japanese Steakhouse,Joanne Teo.,5
1500,Jakarta Restaurant & The Courtyard,Putra P,5
1501,Jakarta Restaurant & The Courtyard,Fitri Andriyani,5
1502,Jakarta Restaurant & The Courtyard,Evan Tan,4
1503,Jakarta Restaurant & The Courtyard,Bernie Soebekti,5
1504,Jakarta Restaurant & The Courtyard,rafa martinez,5
1505,La Brasserie Restaurant,Robin K,5
1506,La Brasserie Restaurant,Soo Hin Yeoh,5
1507,La Brasserie Restaurant,Cindy Cindy,5
1508,La Brasserie Restaurant,Biju Varghese,5
1509,La Brasserie Restaurant,Leony Maranatha (Oh Eun Sun),5
1510,Animale Restaurant,Sarah Mulyo,5
1511,Animale Restaurant,Liz G,4
1512,Animale Restaurant,lidya evangelista,5
1513,Animale Restaurant,Sarah R.,4
1514,Animale Restaurant,Ronderic,5
1515,Harum Manis Restaurant,Lily Gorjan,4
1516,Harum Manis Restaurant,Sandra Monica,4
1517,Harum Manis Restaurant,Lyndon Burke,5
1518,Harum Manis Restaurant,Anita Schneider,5
1519,Harum Manis Restaurant,yunan bayu pratama,5
1520,Signatures Restaurant,Fajar Fajar,3
1521,Signatures Restaurant,Aryanto,5
1522,Signatures Restaurant,Yan Putra,4
1523,Signatures Restaurant,Nana Setiawan,4
1524,Signatures Restaurant,Gary Lim,4
1525,Sana Sini Restaurant,Frederique De Sousa,5
1526,Sana Sini Restaurant,Budi Soetjipto,3
1527,Sana Sini Restaurant,Lydia Zein,5
1528,Sana Sini Restaurant,Alex A. ART,4
1529,Sana Sini Restaurant,R A,5
1530,HA-KA Resto,Richard Yahya,5
1531,HA-KA Resto,seli ariani,5
1532,HA-KA Resto,Tri Ana,5
1533,HA-KA Resto,Ramil Valitov,5
1534,HA-KA Resto,Amar Khosyian,5
1535,Catappa Restaurant,Tedy Wijaya,5
1536,Catappa Restaurant,ye row,2
1537,Catappa Restaurant,LIN WIE,3
1538,Catappa Restaurant,Nanang Setiawan,5
1539,Catappa Restaurant,Valen Susanto,5
1540,PA.SO.LA Restaurant,Alisa Levchenko-Plekhanova,3
1541,PA.SO.LA Restaurant,Reddy Panggabean,5
1542,PA.SO.LA Restaurant,Marcella Cindy,5
1543,PA.SO.LA Restaurant,Michelle A,2
1544,PA.SO.LA Restaurant,Rini Yulianti,5
1545,Table8,Julia Christina,5
1546,Table8,Vincent Ruslie,5
1547,Table8,Joshua Gustaf Tangkulung,5
1548,Table8,theodora regina,5
1549,Table8,Titan 10,5
1550,D'Sky Bistro - Jakarta,Ghozy Naim,5
1551,D'Sky Bistro - Jakarta,Aleksander Hutabarat,4
1552,D'Sky Bistro - Jakarta,Agung Satrio,4
1553,D'Sky Bistro - Jakarta,bagus ariadi,5
1554,D'Sky Bistro - Jakarta,BEN,5
1555,Gran Via Cafe,Hans Jonathan,5
1556,Gran Via Cafe,Jennifer Bratakencana,5
1557,Gran Via Cafe,Linawati Sardjan,3
1558,Gran Via Cafe,Max,5
1559,Gran Via Cafe,Safeena Shivanand,5
1560,Al Jazeerah Signature Restaurant & Lounge مطعم الجزيرة سقنتشر جاكرتا,dailux,3
1561,Al Jazeerah Signature Restaurant & Lounge مطعم الجزيرة سقنتشر جاكرتا,nicholas aristia,4
1562,Al Jazeerah Signature Restaurant & Lounge مطعم الجزيرة سقنتشر جاكرتا,Taufik WIDJAJA,5
1563,Al Jazeerah Signature Restaurant & Lounge مطعم الجزيرة سقنتشر جاكرتا,Yulis Nawati,5
1564,Al Jazeerah Signature Restaurant & Lounge مطعم الجزيرة سقنتشر جاكرتا,Matin Abrardo Barizza,5
1565,Skye,lady nathalia,4
1566,Skye,Adi Kurniawan,5
1567,Skye,Raditya Pratama,5
1568,Skye,FRANCISCA,5
1569,Skye,Katy Wise,5
1570,Palm Court,Andrian Taufik,5
1571,Palm Court,Brian Hermawan,5
1572,Palm Court,Putra P,5
1573,Palm Court,M. Fuad Q. Alam,4
1574,Palm Court,Puput Ertiandani,5
1575,Gamalama Resto & Cafe Jakarta,Andre Tjoa,5
1576,Gamalama Resto & Cafe Jakarta,Mardea Mumpuni,5
1577,Gamalama Resto & Cafe Jakarta,byUrmo,4
1578,Gamalama Resto & Cafe Jakarta,Agung Yuristianto,5
1579,Gamalama Resto & Cafe Jakarta,E “Ben-Ari” Ariesandy,2
1580,Henshin,Uhandanny Soebiantoro,4
1581,Henshin,Sapi Lucu,4
1582,Henshin,Sasda Sabrina,5
1583,Henshin,Adhitya S Ramadianto,5
1584,Henshin,Handoko Limaho,5
1585,Twelve Chinese Dining,Silly Cow,4
1586,Twelve Chinese Dining,Andre Alexander,5
1587,Twelve Chinese Dining,Jessica Michelle Christian,3
1588,Twelve Chinese Dining,Just Jennz,4
1589,Twelve Chinese Dining,Rob Umbara,4
1590,Lara Djonggrang,lisna nababan,4
1591,Lara Djonggrang,Anjan Bhattacharya,4
1592,Lara Djonggrang,RIKA HAKIM,5
1593,Lara Djonggrang,Nayu A. Ramadhaningsih,4
1594,Lara Djonggrang,Bagas Adi Nugroho,5
